<?xml version="1.0"?>
<!DOCTYPE hibernate-mapping PUBLIC "-//Hibernate/Hibernate Mapping DTD 3.0//EN"
"http://hibernate.sourceforge.net/hibernate-mapping-3.0.dtd">
<!-- Generated 2015-9-17 8:54:55 by Hibernate Tools 3.4.0.CR1 -->
<hibernate-mapping package="com.wangyan.bean">
    <class name="ChainNode" table="CHAINNODE">
        <id name="id" type="int">
            <column name="ID" />
            <generator class="native" />
        </id>
        <property name="nodeId" type="string">
            <column name="NODEID" />
        </property>
        <property name="length" type="double">
            <column name="LENGTH" />
        </property>
        
        <many-to-one name="node" class="Node">
            <column name="NODE_ID" />
        </many-to-one>
    </class>
</hibernate-mapping>
