<?xml version="1.0" encoding="UTF-8" ?>
<!DOCTYPE struts PUBLIC
	"-//Apache Software Foundation//DTD Struts Configuration 2.3//EN"
	"http://struts.apache.org/dtds/struts-2.3.dtd">

<struts>
	<constant name="struts.action.extension" value="action,do,"></constant>
	<package name="default" namespace="/" extends="struts-default, json-default">
		
		<action name="search"
			class="com.wangyan.action.routeAction">
			 <result>/result.jsp</result>
			<!--<result type="json">
				<param name="root">dataMap</param>
			</result> -->
			<!-- redirectAction重新发action的name属性 -->
			<result name = "delete" type="redirectAction">emp-list</result>
		</action>
		
		<action name="search_bus"
			class="com.wangyan.action.busAction">
			 <result>/result_bus.jsp</result>
		</action>
	</package>
	
</struts>
